ｍＬ,,,1,名詞,一般,*,*,*,*,ｍＬ,ミリリットル,ミリリットル,0/6,*
ｍｌ,,,1,名詞,一般,*,*,*,*,ｍｌ,ミリリットル,ミリリットル,0/6,*
ｄＬ,,,1,名詞,一般,*,*,*,*,ｄＬ,デシリットル,デシリットル,0/6,*
ｄｌ,,,1,名詞,一般,*,*,*,*,ｄｌ,デシリットル,デシリットル,0/6,*
ｍｇ,,,1,名詞,一般,*,*,*,*,ｍｇ,ミリグラム,ミリグラム,0/5,*
ｋｇ,,,1,名詞,一般,*,*,*,*,ｋｇ,キログラム,キログラム,0/5,*
ｃｍ,,,1,名詞,一般,*,*,*,*,ｃｍ,センチメートル,センチメートル,0/7,*
ｍｍ,,,1,名詞,一般,*,*,*,*,ｍｍ,ミリメートル,ミリメートル,0/6,*
ｍｍＨｇ,,,1,名詞,一般,*,*,*,*,ｍｍＨｇ,ミリメートルエイチジー,ミリメートルエイチジー,0/11,*
ｐｇ／,,,1,名詞,一般,*,*,*,*,ｐｇ／,ピコグラム,ピコグラム,0/5,*
／ｌ,,,1,名詞,一般,*,*,*,*,／ｌ,リットル,リットル,0/4,*
／Ｌ,,,1,名詞,一般,*,*,*,*,／Ｌ,リットル,リットル,0/4,*
＋,,,1,名詞,一般,*,*,*,*,＋,プラス,プラス,0/3,*
１Ｌ,,,1,名詞,一般,*,*,*,*,１Ｌ,イチリットル,イチリットル,0/6,*
２Ｌ,,,1,名詞,一般,*,*,*,*,２Ｌ,ニリットル,ニリットル,0/5,*
３Ｌ,,,1,名詞,一般,*,*,*,*,３Ｌ,サンリットル,サンリットル,0/5,*
４Ｌ,,,1,名詞,一般,*,*,*,*,４Ｌ,ヨンリットル,ヨンリットル,0/5,*
５Ｌ,,,1,名詞,一般,*,*,*,*,５Ｌ,ゴリットル,ゴリットル,0/4,*
Ｆｒ,,,1,名詞,一般,*,*,*,*,Ｆｒ,フレンチ,フレンチ,0/4,*
ｍＥｑ,,,1,名詞,一般,*,*,*,*,ｍＥｑ,メック,メック,0/3,*
ｍｅｑ,,,1,名詞,一般,*,*,*,*,ｍｅｑ,メック,メック,0/3,*
一針ナート,,,1,名詞,一般,*,*,*,*,一針ナート,イッシンナート,イッシンナート,0/7,*
二針ナート,,,1,名詞,一般,*,*,*,*,二針ナート,ニシンナート,ニシンナート,0/6,*
三針ナート,,,1,名詞,一般,*,*,*,*,三針ナート,サンシンナート,サンシンナート,0/7,*
１針ナート,,,1,名詞,一般,*,*,*,*,１針ナート,イッシンナート,イッシンナート,0/7,*
２針ナート,,,1,名詞,一般,*,*,*,*,２針ナート,ニシンナート,ニシンナート,0/6,*
３針ナート,,,1,名詞,一般,*,*,*,*,３針ナート,サンシンナート,サンシンナート,0/7,*
